player_id,player_name,position,school,class_year,draft_capital.value,draft_capital.value.big_board_rank,draft_capital.value.draft_capital_proxy_0_100,draft_capital.provenance.source_type,draft_capital.provenance.source_name,draft_capital.provenance.source_url,draft_capital.provenance.confidence,draft_capital.provenance.confidence_band,draft_capital.provenance.last_verified_at,draft_capital.provenance.notes,age_at_entry.value,age_at_entry.provenance.source_type,age_at_entry.provenance.source_name,age_at_entry.provenance.source_url,age_at_entry.provenance.confidence,age_at_entry.provenance.confidence_band,age_at_entry.provenance.last_verified_at,age_at_entry.provenance.notes,athletic_testing.value,athletic_testing.value.athletic_score_0_100,athletic_testing.value.athletic_source,athletic_testing.provenance.source_type,athletic_testing.provenance.source_name,athletic_testing.provenance.source_url,athletic_testing.provenance.confidence,athletic_testing.provenance.confidence_band,athletic_testing.provenance.last_verified_at,athletic_testing.provenance.notes,college_production.value,college_production.value.production_score_0_100,college_production.provenance.source_type,college_production.provenance.source_name,college_production.provenance.source_url,college_production.provenance.confidence,college_production.provenance.confidence_band,college_production.provenance.last_verified_at,college_production.provenance.notes
rb-jeremiyah-love,Jeremiyah Love,RB,Notre Dame,2026,,2,95.0,market_derived_proxy,"Temporary pre-draft proxy mapped from seeded big_board_rank bands (1-10=95,11-20=85,21-32=75,33-50=65,51-75=55,76-100=45)",,0.65,MEDIUM,2026-07-10,Temporary pre-draft market-investment proxy. Not equivalent to realized NFL draft capital — see docs/export-contract.md 2026 proxy rule.,21,measured_identity_fact,dob from data/processed/2026_prospect_context.json,,0.9,HIGH,2026-07-10,"Computed via age_from_dob(dob, season): exact age as of September 1 of the season.",,,,unavailable,,,,,,No usable RAS/SPORQ combine data. Rookie Alpha uses a neutral default score (NEUTRAL_DEFAULT) internally for scoring purposes only; that placeholder is not evidence and is intentionally omitted from this artifact.,,90.0,measured_production_stats,CFBD 2025 season stats (normalized RB production score),,0.85,HIGH,2026-07-10,
wr-kc-concepcion,KC Concepcion,WR,Texas A&M,2026,,22,75.0,market_derived_proxy,"Temporary pre-draft proxy mapped from seeded big_board_rank bands (1-10=95,11-20=85,21-32=75,33-50=65,51-75=55,76-100=45)",,0.65,MEDIUM,2026-07-10,Temporary pre-draft market-investment proxy. Not equivalent to realized NFL draft capital — see docs/export-contract.md 2026 proxy rule.,21,measured_identity_fact,dob from data/processed/2026_prospect_context.json,,0.9,HIGH,2026-07-10,"Computed via age_from_dob(dob, season): exact age as of September 1 of the season.",,,,unavailable,,,,,,No usable RAS/SPORQ combine data. Rookie Alpha uses a neutral default score (NEUTRAL_DEFAULT) internally for scoring purposes only; that placeholder is not evidence and is intentionally omitted from this artifact.,,87.6,measured_production_stats,CFBD 2025 season stats (normalized WR production score),,0.85,HIGH,2026-07-10,
wr-makai-lemon,Makai Lemon,WR,USC,2026,,24,75.0,market_derived_proxy,"Temporary pre-draft proxy mapped from seeded big_board_rank bands (1-10=95,11-20=85,21-32=75,33-50=65,51-75=55,76-100=45)",,0.65,MEDIUM,2026-07-10,Temporary pre-draft market-investment proxy. Not equivalent to realized NFL draft capital — see docs/export-contract.md 2026 proxy rule.,22,measured_identity_fact,dob from data/processed/2026_prospect_context.json,,0.9,HIGH,2026-07-10,"Computed via age_from_dob(dob, season): exact age as of September 1 of the season.",,56.1926,RAS_PARTIAL,measured_combine,RAS/SPORQ blend per scripts/compute_rookie_alpha.py,,0.7,MEDIUM,2026-07-10,"Partial RAS 56.2 from 3 combine metrics (no SPORQ supplement) Caveat: this is an in-house composite, not the Kent Lee Platte RAS percentile the field name may suggest — see docs/athletic-score-normalization-audit.md.",,76.16,measured_production_stats,CFBD 2025 season stats (normalized WR production score),,0.85,HIGH,2026-07-10,
wr-jordyn-tyson,Jordyn Tyson,WR,Arizona State,2026,,6,95.0,market_derived_proxy,"Temporary pre-draft proxy mapped from seeded big_board_rank bands (1-10=95,11-20=85,21-32=75,33-50=65,51-75=55,76-100=45)",,0.65,MEDIUM,2026-07-10,Temporary pre-draft market-investment proxy. Not equivalent to realized NFL draft capital — see docs/export-contract.md 2026 proxy rule.,22,measured_identity_fact,dob from data/processed/2026_prospect_context.json,,0.9,HIGH,2026-07-10,"Computed via age_from_dob(dob, season): exact age as of September 1 of the season.",,,,unavailable,,,,,,No usable RAS/SPORQ combine data. Rookie Alpha uses a neutral default score (NEUTRAL_DEFAULT) internally for scoring purposes only; that placeholder is not evidence and is intentionally omitted from this artifact.,,69.44,measured_production_stats,CFBD 2025 season stats (normalized WR production score),,0.85,HIGH,2026-07-10,
wr-denzel-boston,Denzel Boston,WR,Washington,2026,,17,85.0,market_derived_proxy,"Temporary pre-draft proxy mapped from seeded big_board_rank bands (1-10=95,11-20=85,21-32=75,33-50=65,51-75=55,76-100=45)",,0.65,MEDIUM,2026-07-10,Temporary pre-draft market-investment proxy. Not equivalent to realized NFL draft capital — see docs/export-contract.md 2026 proxy rule.,22,measured_identity_fact,dob from data/processed/2026_prospect_context.json,,0.9,HIGH,2026-07-10,"Computed via age_from_dob(dob, season): exact age as of September 1 of the season.",,56.4196,RAS_PARTIAL,measured_combine,RAS/SPORQ blend per scripts/compute_rookie_alpha.py,,0.7,MEDIUM,2026-07-10,"Partial RAS 56.4 from 3 combine metrics (no SPORQ supplement) Caveat: this is an in-house composite, not the Kent Lee Platte RAS percentile the field name may suggest — see docs/athletic-score-normalization-audit.md.",,68.62,measured_production_stats,CFBD 2025 season stats (normalized WR production score),,0.85,HIGH,2026-07-10,
qb-fernando-mendoza,Fernando Mendoza,QB,Indiana,2026,,1,95.0,market_derived_proxy,"Temporary pre-draft proxy mapped from seeded big_board_rank bands (1-10=95,11-20=85,21-32=75,33-50=65,51-75=55,76-100=45)",,0.65,MEDIUM,2026-07-10,Temporary pre-draft market-investment proxy. Not equivalent to realized NFL draft capital — see docs/export-contract.md 2026 proxy rule.,22,measured_identity_fact,dob from data/processed/2026_prospect_context.json,,0.9,HIGH,2026-07-10,"Computed via age_from_dob(dob, season): exact age as of September 1 of the season.",,65.168,COMBINE_FALLBACK,measured_combine,RAS/SPORQ blend per scripts/compute_rookie_alpha.py,,0.4,LOW,2026-07-10,"Partial combine (1 metrics, no explosive drills) Caveat: this is an in-house composite, not the Kent Lee Platte RAS percentile the field name may suggest — see docs/athletic-score-normalization-audit.md.",,55.94,measured_production_stats,CFBD 2025 season stats (normalized QB production score),,0.85,HIGH,2026-07-10,
qb-drew-allar,Drew Allar,QB,Penn State,2026,,79,45.0,market_derived_proxy,"Temporary pre-draft proxy mapped from seeded big_board_rank bands (1-10=95,11-20=85,21-32=75,33-50=65,51-75=55,76-100=45)",,0.65,MEDIUM,2026-07-10,Temporary pre-draft market-investment proxy. Not equivalent to realized NFL draft capital — see docs/export-contract.md 2026 proxy rule.,22,measured_identity_fact,dob from data/processed/2026_prospect_context.json,,0.9,HIGH,2026-07-10,"Computed via age_from_dob(dob, season): exact age as of September 1 of the season.",,61.2878,COMBINE_FALLBACK,measured_combine,RAS/SPORQ blend per scripts/compute_rookie_alpha.py,,0.4,LOW,2026-07-10,"Partial combine (1 metrics, no explosive drills) Caveat: this is an in-house composite, not the Kent Lee Platte RAS percentile the field name may suggest — see docs/athletic-score-normalization-audit.md.",,80.68,measured_production_stats,CFBD 2025 season stats (normalized QB production score),,0.85,HIGH,2026-07-10,
wr-carnell-tate,Carnell Tate,WR,Ohio State,2026,,6,95.0,market_derived_proxy,"Temporary pre-draft proxy mapped from seeded big_board_rank bands (1-10=95,11-20=85,21-32=75,33-50=65,51-75=55,76-100=45)",,0.65,MEDIUM,2026-07-10,Temporary pre-draft market-investment proxy. Not equivalent to realized NFL draft capital — see docs/export-contract.md 2026 proxy rule.,21,measured_identity_fact,dob from data/processed/2026_prospect_context.json,,0.9,HIGH,2026-07-10,"Computed via age_from_dob(dob, season): exact age as of September 1 of the season.",,,,unavailable,,,,,,No usable RAS/SPORQ combine data. Rookie Alpha uses a neutral default score (NEUTRAL_DEFAULT) internally for scoring purposes only; that placeholder is not evidence and is intentionally omitted from this artifact.,,66.38,measured_production_stats,CFBD 2025 season stats (normalized WR production score),,0.85,HIGH,2026-07-10,
te-kenyon-sadiq,Kenyon Sadiq,TE,Oregon,2026,,14,85.0,market_derived_proxy,"Temporary pre-draft proxy mapped from seeded big_board_rank bands (1-10=95,11-20=85,21-32=75,33-50=65,51-75=55,76-100=45)",,0.65,MEDIUM,2026-07-10,Temporary pre-draft market-investment proxy. Not equivalent to realized NFL draft capital — see docs/export-contract.md 2026 proxy rule.,21,measured_identity_fact,dob from data/processed/2026_prospect_context.json,,0.9,HIGH,2026-07-10,"Computed via age_from_dob(dob, season): exact age as of September 1 of the season.",,75.6028,RAS,measured_combine,RAS/SPORQ blend per scripts/compute_rookie_alpha.py,,0.95,HIGH,2026-07-10,"RAS 75.6 from 4 combine metrics Caveat: this is an in-house composite, not the Kent Lee Platte RAS percentile the field name may suggest — see docs/athletic-score-normalization-audit.md.",,41.9,measured_production_stats,CFBD 2025 season stats (normalized TE production score),,0.85,HIGH,2026-07-10,
te-eli-stowers,Eli Stowers,TE,Vanderbilt,2026,,61,55.0,market_derived_proxy,"Temporary pre-draft proxy mapped from seeded big_board_rank bands (1-10=95,11-20=85,21-32=75,33-50=65,51-75=55,76-100=45)",,0.65,MEDIUM,2026-07-10,Temporary pre-draft market-investment proxy. Not equivalent to realized NFL draft capital — see docs/export-contract.md 2026 proxy rule.,23,measured_identity_fact,dob from data/processed/2026_prospect_context.json,,0.9,HIGH,2026-07-10,"Computed via age_from_dob(dob, season): exact age as of September 1 of the season.",,73.9726,RAS,measured_combine,RAS/SPORQ blend per scripts/compute_rookie_alpha.py,,0.95,HIGH,2026-07-10,"RAS 74.0 from 4 combine metrics Caveat: this is an in-house composite, not the Kent Lee Platte RAS percentile the field name may suggest — see docs/athletic-score-normalization-audit.md.",,58.4,measured_production_stats,CFBD 2025 season stats (normalized TE production score),,0.85,HIGH,2026-07-10,
te-sam-roush,Sam Roush,TE,Stanford,2026,,113,55.0,market_derived_proxy,"2026 NFL Draft actual pick: Round 3, Pick 69",,0.65,MEDIUM,2026-07-10,Temporary pre-draft market-investment proxy. Not equivalent to realized NFL draft capital — see docs/export-contract.md 2026 proxy rule.,22,measured_identity_fact,dob from data/processed/2026_prospect_context.json,,0.9,HIGH,2026-07-10,"Computed via age_from_dob(dob, season): exact age as of September 1 of the season.",,60.366,RAS,measured_combine,RAS/SPORQ blend per scripts/compute_rookie_alpha.py,,1.0,HIGH,2026-07-10,"RAS 60.4 from 5 combine metrics Caveat: this is an in-house composite, not the Kent Lee Platte RAS percentile the field name may suggest — see docs/athletic-score-normalization-audit.md.",,60.48,measured_production_stats,CFBD 2025 season stats (normalized TE production score),,0.85,HIGH,2026-07-10,
wr-zachariah-branch,Zachariah Branch,WR,Georgia,2026,,49,45.0,market_derived_proxy,"2026 NFL Draft actual pick: Round 3, Pick 79",,0.65,MEDIUM,2026-07-10,Temporary pre-draft market-investment proxy. Not equivalent to realized NFL draft capital — see docs/export-contract.md 2026 proxy rule.,22,measured_identity_fact,dob from data/processed/2026_prospect_context.json,,0.9,HIGH,2026-07-10,"Computed via age_from_dob(dob, season): exact age as of September 1 of the season.",,51.5616,RAS_PARTIAL,measured_combine,RAS/SPORQ blend per scripts/compute_rookie_alpha.py,,0.7,MEDIUM,2026-07-10,"Partial RAS 51.6 from 4 combine metrics (no SPORQ supplement) Caveat: this is an in-house composite, not the Kent Lee Platte RAS percentile the field name may suggest — see docs/athletic-score-normalization-audit.md.",,69.46,measured_production_stats,CFBD 2025 season stats (normalized WR production score),,0.85,HIGH,2026-07-10,
rb-jonah-coleman,Jonah Coleman,RB,Washington,2026,,76,45.0,market_derived_proxy,"Temporary pre-draft proxy mapped from seeded big_board_rank bands (1-10=95,11-20=85,21-32=75,33-50=65,51-75=55,76-100=45)",,0.65,MEDIUM,2026-07-10,Temporary pre-draft market-investment proxy. Not equivalent to realized NFL draft capital — see docs/export-contract.md 2026 proxy rule.,23,measured_identity_fact,dob from data/processed/2026_prospect_context.json,,0.9,HIGH,2026-07-10,"Computed via age_from_dob(dob, season): exact age as of September 1 of the season.",,,,unavailable,,,,,,No usable RAS/SPORQ combine data. Rookie Alpha uses a neutral default score (NEUTRAL_DEFAULT) internally for scoring purposes only; that placeholder is not evidence and is intentionally omitted from this artifact.,,60.64,measured_production_stats,CFBD 2025 season stats (normalized RB production score),,0.85,HIGH,2026-07-10,
wr-omar-cooper-jr,Omar Cooper Jr.,WR,Indiana,2026,,22,75.0,market_derived_proxy,"2026 NFL Draft actual pick: Round 1, Pick 30",,0.65,MEDIUM,2026-07-10,Temporary pre-draft market-investment proxy. Not equivalent to realized NFL draft capital — see docs/export-contract.md 2026 proxy rule.,22,measured_identity_fact,dob from data/processed/2026_prospect_context.json,,0.9,HIGH,2026-07-10,"Computed via age_from_dob(dob, season): exact age as of September 1 of the season.",,51.8835,RAS_PARTIAL,measured_combine,RAS/SPORQ blend per scripts/compute_rookie_alpha.py,,0.7,MEDIUM,2026-07-10,"Partial RAS 51.9 from 3 combine metrics (no SPORQ supplement) Caveat: this is an in-house composite, not the Kent Lee Platte RAS percentile the field name may suggest — see docs/athletic-score-normalization-audit.md.",,55.36,measured_production_stats,CFBD 2025 season stats (normalized WR production score),,0.85,HIGH,2026-07-10,
wr-chris-bell,Chris Bell,WR,Louisville,2026,,28,75.0,market_derived_proxy,"Temporary pre-draft proxy mapped from seeded big_board_rank bands (1-10=95,11-20=85,21-32=75,33-50=65,51-75=55,76-100=45)",,0.65,MEDIUM,2026-07-10,Temporary pre-draft market-investment proxy. Not equivalent to realized NFL draft capital — see docs/export-contract.md 2026 proxy rule.,22,measured_identity_fact,dob from data/processed/2026_prospect_context.json,,0.9,HIGH,2026-07-10,"Computed via age_from_dob(dob, season): exact age as of September 1 of the season.",,,,unavailable,,,,,,No usable RAS/SPORQ combine data. Rookie Alpha uses a neutral default score (NEUTRAL_DEFAULT) internally for scoring purposes only; that placeholder is not evidence and is intentionally omitted from this artifact.,,54.12,measured_production_stats,CFBD 2025 season stats (normalized WR production score),,0.85,HIGH,2026-07-10,
wr-dezhaun-stribling,De'Zhaun Stribling,WR,Mississippi,2026,,,65.0,market_derived_proxy,"2026 NFL Draft actual pick: Round 2, Pick 33",,0.65,MEDIUM,2026-07-10,Temporary pre-draft market-investment proxy. Not equivalent to realized NFL draft capital — see docs/export-contract.md 2026 proxy rule.,23,measured_identity_fact,dob from data/processed/2026_prospect_context.json,,0.9,HIGH,2026-07-10,"Computed via age_from_dob(dob, season): exact age as of September 1 of the season.",,56.3194,RAS_PARTIAL,measured_combine,RAS/SPORQ blend per scripts/compute_rookie_alpha.py,,0.7,MEDIUM,2026-07-10,"Partial RAS 56.3 from 4 combine metrics (no SPORQ supplement) Caveat: this is an in-house composite, not the Kent Lee Platte RAS percentile the field name may suggest — see docs/athletic-score-normalization-audit.md.",,49.68,measured_production_stats,CFBD 2025 season stats (normalized WR production score),,0.85,HIGH,2026-07-10,
wr-antonio-williams,Antonio Williams,WR,Clemson,2026,,60,55.0,market_derived_proxy,"2026 NFL Draft actual pick: Round 3, Pick 71",,0.65,MEDIUM,2026-07-10,Temporary pre-draft market-investment proxy. Not equivalent to realized NFL draft capital — see docs/export-contract.md 2026 proxy rule.,22,measured_identity_fact,dob from data/processed/2026_prospect_context.json,,0.9,HIGH,2026-07-10,"Computed via age_from_dob(dob, season): exact age as of September 1 of the season.",,,,unavailable,,,,,,No usable RAS/SPORQ combine data. Rookie Alpha uses a neutral default score (NEUTRAL_DEFAULT) internally for scoring purposes only; that placeholder is not evidence and is intentionally omitted from this artifact.,,58.12,measured_production_stats,CFBD 2025 season stats (normalized WR production score),,0.85,HIGH,2026-07-10,
wr-ted-hurst,Ted Hurst,WR,Georgia State,2026,,77,45.0,market_derived_proxy,"2026 NFL Draft actual pick: Round 3, Pick 84",,0.65,MEDIUM,2026-07-10,Temporary pre-draft market-investment proxy. Not equivalent to realized NFL draft capital — see docs/export-contract.md 2026 proxy rule.,22,measured_identity_fact,dob from data/processed/2026_prospect_context.json,,0.9,HIGH,2026-07-10,"Computed via age_from_dob(dob, season): exact age as of September 1 of the season.",,60.4173,RAS_PARTIAL,measured_combine,RAS/SPORQ blend per scripts/compute_rookie_alpha.py,,0.7,MEDIUM,2026-07-10,"Partial RAS 60.4 from 4 combine metrics (no SPORQ supplement) Caveat: this is an in-house composite, not the Kent Lee Platte RAS percentile the field name may suggest — see docs/athletic-score-normalization-audit.md.",,52.42,measured_production_stats,CFBD 2025 season stats (normalized WR production score),,0.85,HIGH,2026-07-10,
wr-germie-bernard,Germie Bernard,WR,Alabama,2026,,50,65.0,market_derived_proxy,"2026 NFL Draft actual pick: Round 2, Pick 47",,0.65,MEDIUM,2026-07-10,Temporary pre-draft market-investment proxy. Not equivalent to realized NFL draft capital — see docs/export-contract.md 2026 proxy rule.,22,measured_identity_fact,dob from data/processed/2026_prospect_context.json,,0.9,HIGH,2026-07-10,"Computed via age_from_dob(dob, season): exact age as of September 1 of the season.",,47.4757,RAS,measured_combine,RAS/SPORQ blend per scripts/compute_rookie_alpha.py,,1.0,HIGH,2026-07-10,"RAS 47.5 from 5 combine metrics Caveat: this is an in-house composite, not the Kent Lee Platte RAS percentile the field name may suggest — see docs/athletic-score-normalization-audit.md.",,52.86,measured_production_stats,CFBD 2025 season stats (normalized WR production score),,0.85,HIGH,2026-07-10,
wr-elijah-sarratt,Elijah Sarratt,WR,Indiana,2026,,59,55.0,market_derived_proxy,"Temporary pre-draft proxy mapped from seeded big_board_rank bands (1-10=95,11-20=85,21-32=75,33-50=65,51-75=55,76-100=45)",,0.65,MEDIUM,2026-07-10,Temporary pre-draft market-investment proxy. Not equivalent to realized NFL draft capital — see docs/export-contract.md 2026 proxy rule.,23,measured_identity_fact,dob from data/processed/2026_prospect_context.json,,0.9,HIGH,2026-07-10,"Computed via age_from_dob(dob, season): exact age as of September 1 of the season.",,,,unavailable,,,,,,No usable RAS/SPORQ combine data. Rookie Alpha uses a neutral default score (NEUTRAL_DEFAULT) internally for scoring purposes only; that placeholder is not evidence and is intentionally omitted from this artifact.,,55.12,measured_production_stats,CFBD 2025 season stats (normalized WR production score),,0.85,HIGH,2026-07-10,
wr-chris-brazzell-ii,Chris Brazzell II,WR,Tennessee,2026,,65,55.0,market_derived_proxy,"Temporary pre-draft proxy mapped from seeded big_board_rank bands (1-10=95,11-20=85,21-32=75,33-50=65,51-75=55,76-100=45)",,0.65,MEDIUM,2026-07-10,Temporary pre-draft market-investment proxy. Not equivalent to realized NFL draft capital — see docs/export-contract.md 2026 proxy rule.,22,measured_identity_fact,dob from data/processed/2026_prospect_context.json,,0.9,HIGH,2026-07-10,"Computed via age_from_dob(dob, season): exact age as of September 1 of the season.",,,,unavailable,,,,,,No usable RAS/SPORQ combine data. Rookie Alpha uses a neutral default score (NEUTRAL_DEFAULT) internally for scoring purposes only; that placeholder is not evidence and is intentionally omitted from this artifact.,,53.24,measured_production_stats,CFBD 2025 season stats (normalized WR production score),,0.85,HIGH,2026-07-10,
qb-garrett-nussmeier,Garrett Nussmeier,QB,LSU,2026,,74,55.0,market_derived_proxy,"Temporary pre-draft proxy mapped from seeded big_board_rank bands (1-10=95,11-20=85,21-32=75,33-50=65,51-75=55,76-100=45)",,0.65,MEDIUM,2026-07-10,Temporary pre-draft market-investment proxy. Not equivalent to realized NFL draft capital — see docs/export-contract.md 2026 proxy rule.,24,measured_identity_fact,dob from data/processed/2026_prospect_context.json,,0.9,HIGH,2026-07-10,"Computed via age_from_dob(dob, season): exact age as of September 1 of the season.",,29.8143,COMBINE_FALLBACK,measured_combine,RAS/SPORQ blend per scripts/compute_rookie_alpha.py,,0.4,LOW,2026-07-10,"Partial combine (1 metrics, no explosive drills) Caveat: this is an in-house composite, not the Kent Lee Platte RAS percentile the field name may suggest — see docs/athletic-score-normalization-audit.md.",,67.98,measured_production_stats,CFBD 2025 season stats (normalized QB production score),,0.85,HIGH,2026-07-10,
te-nate-boerkircher,Nate Boerkircher,TE,Texas A&M,2026,,165,55.0,market_derived_proxy,"2026 NFL Draft actual pick: Round 2, Pick 56",,0.65,MEDIUM,2026-07-10,Temporary pre-draft market-investment proxy. Not equivalent to realized NFL draft capital — see docs/export-contract.md 2026 proxy rule.,24,measured_identity_fact,dob from data/processed/2026_prospect_context.json,,0.9,HIGH,2026-07-10,"Computed via age_from_dob(dob, season): exact age as of September 1 of the season.",,71.9294,COMBINE_FALLBACK,measured_combine,RAS/SPORQ blend per scripts/compute_rookie_alpha.py,,0.5,LOW,2026-07-10,"Partial combine (2 metrics, no explosive drills) Caveat: this is an in-house composite, not the Kent Lee Platte RAS percentile the field name may suggest — see docs/athletic-score-normalization-audit.md.",,34.94,measured_production_stats,CFBD 2025 season stats (normalized TE production score),,0.85,HIGH,2026-07-10,
qb-ty-simpson,Ty Simpson,QB,Alabama,2026,,19,85.0,market_derived_proxy,"Temporary pre-draft proxy mapped from seeded big_board_rank bands (1-10=95,11-20=85,21-32=75,33-50=65,51-75=55,76-100=45)",,0.65,MEDIUM,2026-07-10,Temporary pre-draft market-investment proxy. Not equivalent to realized NFL draft capital — see docs/export-contract.md 2026 proxy rule.,23,measured_identity_fact,dob from data/processed/2026_prospect_context.json,,0.9,HIGH,2026-07-10,"Computed via age_from_dob(dob, season): exact age as of September 1 of the season.",,30.4966,COMBINE_FALLBACK,measured_combine,RAS/SPORQ blend per scripts/compute_rookie_alpha.py,,0.4,LOW,2026-07-10,"Partial combine (1 metrics, no explosive drills) Caveat: this is an in-house composite, not the Kent Lee Platte RAS percentile the field name may suggest — see docs/athletic-score-normalization-audit.md.",,51.68,measured_production_stats,CFBD 2025 season stats (normalized QB production score),,0.85,HIGH,2026-07-10,
te-max-klare,Max Klare,TE,Ohio State,2026,,57,55.0,market_derived_proxy,"Temporary pre-draft proxy mapped from seeded big_board_rank bands (1-10=95,11-20=85,21-32=75,33-50=65,51-75=55,76-100=45)",,0.65,MEDIUM,2026-07-10,Temporary pre-draft market-investment proxy. Not equivalent to realized NFL draft capital — see docs/export-contract.md 2026 proxy rule.,23,measured_identity_fact,dob from data/processed/2026_prospect_context.json,,0.9,HIGH,2026-07-10,"Computed via age_from_dob(dob, season): exact age as of September 1 of the season.",,45.8929,COMBINE_FALLBACK,measured_combine,RAS/SPORQ blend per scripts/compute_rookie_alpha.py,,0.4,LOW,2026-07-10,"Partial combine (1 metrics, no explosive drills) Caveat: this is an in-house composite, not the Kent Lee Platte RAS percentile the field name may suggest — see docs/athletic-score-normalization-audit.md.",,52.86,measured_production_stats,CFBD 2025 season stats (normalized TE production score),,0.85,HIGH,2026-07-10,
rb-mike-washington-jr,Mike Washington Jr.,RB,New Mexico State (2024) / Arkansas (2025),2026,,63,55.0,market_derived_proxy,"Temporary pre-draft proxy mapped from seeded big_board_rank bands (1-10=95,11-20=85,21-32=75,33-50=65,51-75=55,76-100=45)",,0.65,MEDIUM,2026-07-10,Temporary pre-draft market-investment proxy. Not equivalent to realized NFL draft capital — see docs/export-contract.md 2026 proxy rule.,23,measured_identity_fact,dob from data/processed/2026_prospect_context.json,,0.9,HIGH,2026-07-10,"Computed via age_from_dob(dob, season): exact age as of September 1 of the season.",,69.5937,RAS_PARTIAL,measured_combine,RAS/SPORQ blend per scripts/compute_rookie_alpha.py,,0.7,MEDIUM,2026-07-10,"Partial RAS 69.6 from 4 combine metrics (no SPORQ supplement) Caveat: this is an in-house composite, not the Kent Lee Platte RAS percentile the field name may suggest — see docs/athletic-score-normalization-audit.md.",,34.26,measured_production_stats,CFBD 2025 season stats (normalized RB production score),,0.85,HIGH,2026-07-10,
te-daequan-wright,Dae'Quan Wright,TE,Mississippi,2026,,,25.0,market_derived_proxy,"Temporary pre-draft proxy mapped from seeded big_board_rank bands (1-10=95,11-20=85,21-32=75,33-50=65,51-75=55,76-100=45,101-150=35,151+=25)",,0.65,MEDIUM,2026-07-10,Temporary pre-draft market-investment proxy. Not equivalent to realized NFL draft capital — see docs/export-contract.md 2026 proxy rule.,22,measured_identity_fact,dob from data/processed/2026_prospect_context.json,,0.9,HIGH,2026-07-10,"Computed via age_from_dob(dob, season): exact age as of September 1 of the season.",,45.8929,COMBINE_FALLBACK,measured_combine,RAS/SPORQ blend per scripts/compute_rookie_alpha.py,,0.4,LOW,2026-07-10,"Partial combine (1 metrics, no explosive drills) Caveat: this is an in-house composite, not the Kent Lee Platte RAS percentile the field name may suggest — see docs/athletic-score-normalization-audit.md.",,58.4,measured_production_stats,CFBD 2025 season stats (normalized TE production score),,0.85,HIGH,2026-07-10,
te-eli-raridon,Eli Raridon,TE,Notre Dame,2026,,123,45.0,market_derived_proxy,"2026 NFL Draft actual pick: Round 3, Pick 95",,0.65,MEDIUM,2026-07-10,Temporary pre-draft market-investment proxy. Not equivalent to realized NFL draft capital — see docs/export-contract.md 2026 proxy rule.,22,measured_identity_fact,dob from data/processed/2026_prospect_context.json,,0.9,HIGH,2026-07-10,"Computed via age_from_dob(dob, season): exact age as of September 1 of the season.",,52.766,RAS,measured_combine,RAS/SPORQ blend per scripts/compute_rookie_alpha.py,,0.95,HIGH,2026-07-10,"RAS 52.8 from 4 combine metrics Caveat: this is an in-house composite, not the Kent Lee Platte RAS percentile the field name may suggest — see docs/athletic-score-normalization-audit.md.",,47.96,measured_production_stats,CFBD 2025 season stats (normalized TE production score),,0.85,HIGH,2026-07-10,
rb-jadarian-price,Jadarian Price,RB,Notre Dame (2024) / Texas A&M (2025),2026,,37,65.0,market_derived_proxy,"Temporary pre-draft proxy mapped from seeded big_board_rank bands (1-10=95,11-20=85,21-32=75,33-50=65,51-75=55,76-100=45)",,0.65,MEDIUM,2026-07-10,Temporary pre-draft market-investment proxy. Not equivalent to realized NFL draft capital — see docs/export-contract.md 2026 proxy rule.,22,measured_identity_fact,dob from data/processed/2026_prospect_context.json,,0.9,HIGH,2026-07-10,"Computed via age_from_dob(dob, season): exact age as of September 1 of the season.",,33.069,RAS_PARTIAL,measured_combine,RAS/SPORQ blend per scripts/compute_rookie_alpha.py,,0.7,MEDIUM,2026-07-10,"Partial RAS 33.1 from 4 combine metrics (no SPORQ supplement) Caveat: this is an in-house composite, not the Kent Lee Platte RAS percentile the field name may suggest — see docs/athletic-score-normalization-audit.md.",,53.2,measured_production_stats,CFBD 2025 season stats (normalized RB production score),,0.85,HIGH,2026-07-10,
te-justin-joly,Justin Joly,TE,N.C. State,2026,,111,35.0,market_derived_proxy,"Temporary pre-draft proxy mapped from seeded big_board_rank bands (1-10=95,11-20=85,21-32=75,33-50=65,51-75=55,76-100=45,101-150=35,151+=25)",,0.65,MEDIUM,2026-07-10,Temporary pre-draft market-investment proxy. Not equivalent to realized NFL draft capital — see docs/export-contract.md 2026 proxy rule.,22,measured_identity_fact,dob from data/processed/2026_prospect_context.json,,0.9,HIGH,2026-07-10,"Computed via age_from_dob(dob, season): exact age as of September 1 of the season.",,45.5319,COMBINE_FALLBACK,measured_combine,RAS/SPORQ blend per scripts/compute_rookie_alpha.py,,0.4,LOW,2026-07-10,"Partial combine (1 metrics, no explosive drills) Caveat: this is an in-house composite, not the Kent Lee Platte RAS percentile the field name may suggest — see docs/athletic-score-normalization-audit.md.",,55.5,measured_production_stats,CFBD 2025 season stats (normalized TE production score),,0.85,HIGH,2026-07-10,
rb-kaelon-black,Kaelon Black,RB,Indiana,2026,,,45.0,market_derived_proxy,"2026 NFL Draft actual pick: Round 3, Pick 90",,0.65,MEDIUM,2026-07-10,Temporary pre-draft market-investment proxy. Not equivalent to realized NFL draft capital — see docs/export-contract.md 2026 proxy rule.,,unavailable,,,,,,No recorded date of birth in prospect context data for this player.,,,,unavailable,,,,,,No usable RAS/SPORQ combine data. Rookie Alpha uses a neutral default score (NEUTRAL_DEFAULT) internally for scoring purposes only; that placeholder is not evidence and is intentionally omitted from this artifact.,,55.1,measured_production_stats,CFBD 2025 season stats (normalized RB production score),,0.85,HIGH,2026-07-10,
wr-malachi-fields,Malachi Fields,WR,Notre Dame,2026,,,55.0,market_derived_proxy,"2026 NFL Draft actual pick: Round 3, Pick 74",,0.65,MEDIUM,2026-07-10,Temporary pre-draft market-investment proxy. Not equivalent to realized NFL draft capital — see docs/export-contract.md 2026 proxy rule.,24,measured_identity_fact,dob from data/processed/2026_prospect_context.json,,0.9,HIGH,2026-07-10,"Computed via age_from_dob(dob, season): exact age as of September 1 of the season.",,44.6698,RAS,measured_combine,RAS/SPORQ blend per scripts/compute_rookie_alpha.py,,1.0,HIGH,2026-07-10,"RAS 44.7 from 5 combine metrics Caveat: this is an in-house composite, not the Kent Lee Platte RAS percentile the field name may suggest — see docs/athletic-score-normalization-audit.md.",,44.98,measured_production_stats,CFBD 2025 season stats (normalized WR production score),,0.85,HIGH,2026-07-10,
qb-carson-beck,Carson Beck,QB,Miami (FL),2026,,71,55.0,market_derived_proxy,"Temporary pre-draft proxy mapped from seeded big_board_rank bands (1-10=95,11-20=85,21-32=75,33-50=65,51-75=55,76-100=45)",,0.65,MEDIUM,2026-07-10,Temporary pre-draft market-investment proxy. Not equivalent to realized NFL draft capital — see docs/export-contract.md 2026 proxy rule.,23,measured_identity_fact,dob from data/processed/2026_prospect_context.json,,0.9,HIGH,2026-07-10,"Computed via age_from_dob(dob, season): exact age as of September 1 of the season.",,63.2332,COMBINE_FALLBACK,measured_combine,RAS/SPORQ blend per scripts/compute_rookie_alpha.py,,0.4,LOW,2026-07-10,"Partial combine (1 metrics, no explosive drills) Caveat: this is an in-house composite, not the Kent Lee Platte RAS percentile the field name may suggest — see docs/athletic-score-normalization-audit.md.",,26.28,measured_production_stats,CFBD 2025 season stats (normalized QB production score),,0.85,HIGH,2026-07-10,
wr-brenen-thompson,Brenen Thompson,WR,Mississippi State,2026,,137,35.0,market_derived_proxy,"Estimated from big_board_rank=137 (R4-5 projection; speed-first profile, size concerns 5'9"" 164lb)",,0.65,MEDIUM,2026-07-10,Temporary pre-draft market-investment proxy. Not equivalent to realized NFL draft capital — see docs/export-contract.md 2026 proxy rule.,23,measured_identity_fact,dob from data/processed/2026_prospect_context.json,,0.9,HIGH,2026-07-10,"Computed via age_from_dob(dob, season): exact age as of September 1 of the season.",,,,unavailable,,,,,,No usable RAS/SPORQ combine data. Rookie Alpha uses a neutral default score (NEUTRAL_DEFAULT) internally for scoring purposes only; that placeholder is not evidence and is intentionally omitted from this artifact.,,43.7,measured_production_stats,CFBD 2025 season stats (normalized WR production score),,0.85,HIGH,2026-07-10,
te-marlin-klein,Marlin Klein,TE,Michigan,2026,,185,55.0,market_derived_proxy,"2026 NFL Draft actual pick: Round 2, Pick 59",,0.65,MEDIUM,2026-07-10,Temporary pre-draft market-investment proxy. Not equivalent to realized NFL draft capital — see docs/export-contract.md 2026 proxy rule.,23,measured_identity_fact,dob from data/processed/2026_prospect_context.json,,0.9,HIGH,2026-07-10,"Computed via age_from_dob(dob, season): exact age as of September 1 of the season.",,46.0878,RAS,measured_combine,RAS/SPORQ blend per scripts/compute_rookie_alpha.py,,1.0,HIGH,2026-07-10,"RAS 46.1 from 5 combine metrics Caveat: this is an in-house composite, not the Kent Lee Platte RAS percentile the field name may suggest — see docs/athletic-score-normalization-audit.md.",,37.06,measured_production_stats,CFBD 2025 season stats (normalized TE production score),,0.85,HIGH,2026-07-10,
wr-kevin-coleman-jr,Kevin Coleman Jr.,WR,Missouri,2026,,,25.0,market_derived_proxy,"Temporary pre-draft proxy mapped from seeded big_board_rank bands (1-10=95,11-20=85,21-32=75,33-50=65,51-75=55,76-100=45,101-150=35,151+=25)",,0.65,MEDIUM,2026-07-10,Temporary pre-draft market-investment proxy. Not equivalent to realized NFL draft capital — see docs/export-contract.md 2026 proxy rule.,22,measured_identity_fact,dob from data/processed/2026_prospect_context.json,,0.9,HIGH,2026-07-10,"Computed via age_from_dob(dob, season): exact age as of September 1 of the season.",,45.3378,RAS_PARTIAL,measured_combine,RAS/SPORQ blend per scripts/compute_rookie_alpha.py,,0.7,MEDIUM,2026-07-10,"Partial RAS 45.3 from 4 combine metrics (no SPORQ supplement) Caveat: this is an in-house composite, not the Kent Lee Platte RAS percentile the field name may suggest — see docs/athletic-score-normalization-audit.md.",,48.48,measured_production_stats,CFBD 2025 season stats (normalized WR production score),,0.85,HIGH,2026-07-10,
te-oscar-delp,Oscar Delp,TE,Georgia,2026,,77,45.0,market_derived_proxy,"Temporary pre-draft proxy mapped from seeded big_board_rank bands (1-10=95,11-20=85,21-32=75,33-50=65,51-75=55,76-100=45)",,0.65,MEDIUM,2026-07-10,Temporary pre-draft market-investment proxy. Not equivalent to realized NFL draft capital — see docs/export-contract.md 2026 proxy rule.,23,measured_identity_fact,dob from data/processed/2026_prospect_context.json,,0.9,HIGH,2026-07-10,"Computed via age_from_dob(dob, season): exact age as of September 1 of the season.",,51.0827,COMBINE_FALLBACK,measured_combine,RAS/SPORQ blend per scripts/compute_rookie_alpha.py,,0.4,LOW,2026-07-10,"Partial combine (1 metrics, no explosive drills) Caveat: this is an in-house composite, not the Kent Lee Platte RAS percentile the field name may suggest — see docs/athletic-score-normalization-audit.md.",,33.84,measured_production_stats,CFBD 2025 season stats (normalized TE production score),,0.85,HIGH,2026-07-10,
rb-kaytron-allen,Kaytron Allen,RB,Penn State,2026,,42,65.0,market_derived_proxy,Temporary pre-draft proxy mapped from seeded big_board_rank bands,,0.65,MEDIUM,2026-07-10,Temporary pre-draft market-investment proxy. Not equivalent to realized NFL draft capital — see docs/export-contract.md 2026 proxy rule.,23,measured_identity_fact,dob from data/processed/2026_prospect_context.json,,0.9,HIGH,2026-07-10,"Computed via age_from_dob(dob, season): exact age as of September 1 of the season.",,,,unavailable,,,,,,No usable RAS/SPORQ combine data. Rookie Alpha uses a neutral default score (NEUTRAL_DEFAULT) internally for scoring purposes only; that placeholder is not evidence and is intentionally omitted from this artifact.,,24.92,measured_production_stats,CFBD 2025 season stats (normalized RB production score),,0.85,HIGH,2026-07-10,
wr-deion-burks,Deion Burks,WR,Oklahoma,2026,,83,45.0,market_derived_proxy,"Temporary pre-draft proxy mapped from seeded big_board_rank bands (1-10=95,11-20=85,21-32=75,33-50=65,51-75=55,76-100=45,101-150=35,151+=25)",,0.65,MEDIUM,2026-07-10,Temporary pre-draft market-investment proxy. Not equivalent to realized NFL draft capital — see docs/export-contract.md 2026 proxy rule.,23,measured_identity_fact,dob from data/processed/2026_prospect_context.json,,0.9,HIGH,2026-07-10,"Computed via age_from_dob(dob, season): exact age as of September 1 of the season.",,65.6002,RAS_PARTIAL,measured_combine,RAS/SPORQ blend per scripts/compute_rookie_alpha.py,,0.7,MEDIUM,2026-07-10,"Partial RAS 65.6 from 4 combine metrics (no SPORQ supplement) Caveat: this is an in-house composite, not the Kent Lee Platte RAS percentile the field name may suggest — see docs/athletic-score-normalization-audit.md.",,19.96,measured_production_stats,CFBD 2025 season stats (normalized WR production score),,0.85,HIGH,2026-07-10,
wr-caleb-douglas,Caleb Douglas,WR,Texas Tech,2026,,,55.0,market_derived_proxy,"2026 NFL Draft actual pick: Round 3, Pick 75",,0.65,MEDIUM,2026-07-10,Temporary pre-draft market-investment proxy. Not equivalent to realized NFL draft capital — see docs/export-contract.md 2026 proxy rule.,22,measured_identity_fact,dob from data/processed/2026_prospect_context.json,,0.9,HIGH,2026-07-10,"Computed via age_from_dob(dob, season): exact age as of September 1 of the season.",,49.5289,RAS_PARTIAL,measured_combine,RAS/SPORQ blend per scripts/compute_rookie_alpha.py,,0.7,MEDIUM,2026-07-10,"Partial RAS 49.5 from 4 combine metrics (no SPORQ supplement) Caveat: this is an in-house composite, not the Kent Lee Platte RAS percentile the field name may suggest — see docs/athletic-score-normalization-audit.md.",,26.84,measured_production_stats,CFBD 2025 season stats (normalized WR production score),,0.85,HIGH,2026-07-10,
wr-jakobi-lane,Ja'Kobi Lane,WR,USC,2026,,91,45.0,market_derived_proxy,"2026 NFL Draft actual pick: Round 3, Pick 80",,0.65,MEDIUM,2026-07-10,Temporary pre-draft market-investment proxy. Not equivalent to realized NFL draft capital — see docs/export-contract.md 2026 proxy rule.,22,measured_identity_fact,dob from data/processed/2026_prospect_context.json,,0.9,HIGH,2026-07-10,"Computed via age_from_dob(dob, season): exact age as of September 1 of the season.",,56.5682,RAS_PARTIAL,measured_combine,RAS/SPORQ blend per scripts/compute_rookie_alpha.py,,0.7,MEDIUM,2026-07-10,"Partial RAS 56.6 from 4 combine metrics (no SPORQ supplement) Caveat: this is an in-house composite, not the Kent Lee Platte RAS percentile the field name may suggest — see docs/athletic-score-normalization-audit.md.",,24.48,measured_production_stats,CFBD 2025 season stats (normalized WR production score),,0.85,HIGH,2026-07-10,
rb-seth-mcgowan,Seth McGowan,RB,Kentucky,2026,,62,55.0,market_derived_proxy,Temporary pre-draft proxy mapped from seeded big_board_rank bands,,0.65,MEDIUM,2026-07-10,Temporary pre-draft market-investment proxy. Not equivalent to realized NFL draft capital — see docs/export-contract.md 2026 proxy rule.,25,measured_identity_fact,dob from data/processed/2026_prospect_context.json,,0.9,HIGH,2026-07-10,"Computed via age_from_dob(dob, season): exact age as of September 1 of the season.",,,,unavailable,,,,,,No usable RAS/SPORQ combine data. Rookie Alpha uses a neutral default score (NEUTRAL_DEFAULT) internally for scoring purposes only; that placeholder is not evidence and is intentionally omitted from this artifact.,,22.52,measured_production_stats,CFBD 2025 season stats (normalized RB production score),,0.85,HIGH,2026-07-10,
wr-zavion-thomas,Zavion Thomas,WR,LSU,2026,,,45.0,market_derived_proxy,"2026 NFL Draft actual pick: Round 3, Pick 89",,0.65,MEDIUM,2026-07-10,Temporary pre-draft market-investment proxy. Not equivalent to realized NFL draft capital — see docs/export-contract.md 2026 proxy rule.,21,measured_identity_fact,dob from data/processed/2026_prospect_context.json,,0.9,HIGH,2026-07-10,"Computed via age_from_dob(dob, season): exact age as of September 1 of the season.",,58.3875,RAS_PARTIAL,measured_combine,RAS/SPORQ blend per scripts/compute_rookie_alpha.py,,0.7,MEDIUM,2026-07-10,"Partial RAS 58.4 from 3 combine metrics (no SPORQ supplement) Caveat: this is an in-house composite, not the Kent Lee Platte RAS percentile the field name may suggest — see docs/athletic-score-normalization-audit.md.",,20.2,measured_production_stats,CFBD 2025 season stats (normalized WR production score),,0.85,HIGH,2026-07-10,
rb-nick-singleton,Nick Singleton,RB,Penn State,2026,,88,45.0,market_derived_proxy,"Temporary pre-draft proxy mapped from seeded big_board_rank bands (1-10=95,11-20=85,21-32=75,33-50=65,51-75=55,76-100=45)",,0.65,MEDIUM,2026-07-10,Temporary pre-draft market-investment proxy. Not equivalent to realized NFL draft capital — see docs/export-contract.md 2026 proxy rule.,22,measured_identity_fact,dob from data/processed/2026_prospect_context.json,,0.9,HIGH,2026-07-10,"Computed via age_from_dob(dob, season): exact age as of September 1 of the season.",,,,unavailable,,,,,,No usable RAS/SPORQ combine data. Rookie Alpha uses a neutral default score (NEUTRAL_DEFAULT) internally for scoring purposes only; that placeholder is not evidence and is intentionally omitted from this artifact.,,26.28,measured_production_stats,CFBD 2025 season stats (normalized RB production score),,0.85,HIGH,2026-07-10,
rb-emmett-johnson,Emmett Johnson,RB,Nebraska,2026,,80,45.0,market_derived_proxy,Temporary pre-draft proxy mapped from seeded big_board_rank bands,,0.65,MEDIUM,2026-07-10,Temporary pre-draft market-investment proxy. Not equivalent to realized NFL draft capital — see docs/export-contract.md 2026 proxy rule.,22,measured_identity_fact,dob from data/processed/2026_prospect_context.json,,0.9,HIGH,2026-07-10,"Computed via age_from_dob(dob, season): exact age as of September 1 of the season.",,,,unavailable,,,,,,No usable RAS/SPORQ combine data. Rookie Alpha uses a neutral default score (NEUTRAL_DEFAULT) internally for scoring purposes only; that placeholder is not evidence and is intentionally omitted from this artifact.,,25.76,measured_production_stats,CFBD 2025 season stats (normalized RB production score),,0.85,HIGH,2026-07-10,
te-will-kacmarek,Will Kacmarek,TE,Ohio State,2026,,,45.0,market_derived_proxy,"2026 NFL Draft actual pick: Round 3, Pick 87",,0.65,MEDIUM,2026-07-10,Temporary pre-draft market-investment proxy. Not equivalent to realized NFL draft capital — see docs/export-contract.md 2026 proxy rule.,23,measured_identity_fact,dob from data/processed/2026_prospect_context.json,,0.9,HIGH,2026-07-10,"Computed via age_from_dob(dob, season): exact age as of September 1 of the season.",,39.452,RAS,measured_combine,RAS/SPORQ blend per scripts/compute_rookie_alpha.py,,0.85,HIGH,2026-07-10,"RAS 39.5 from 3 combine metrics Caveat: this is an in-house composite, not the Kent Lee Platte RAS percentile the field name may suggest — see docs/athletic-score-normalization-audit.md.",,31.48,measured_production_stats,CFBD 2025 season stats (normalized TE production score),,0.85,HIGH,2026-07-10,
wr-kendrick-law,Kendrick Law,WR,Kentucky,2026,,,25.0,market_derived_proxy,"Temporary pre-draft proxy mapped from seeded big_board_rank bands (1-10=95,11-20=85,21-32=75,33-50=65,51-75=55,76-100=45,101-150=35,151+=25)",,0.65,MEDIUM,2026-07-10,Temporary pre-draft market-investment proxy. Not equivalent to realized NFL draft capital — see docs/export-contract.md 2026 proxy rule.,23,measured_identity_fact,dob from data/processed/2026_prospect_context.json,,0.9,HIGH,2026-07-10,"Computed via age_from_dob(dob, season): exact age as of September 1 of the season.",,56.903,RAS_PARTIAL,measured_combine,RAS/SPORQ blend per scripts/compute_rookie_alpha.py,,0.7,MEDIUM,2026-07-10,"Partial RAS 56.9 from 4 combine metrics (no SPORQ supplement) Caveat: this is an in-house composite, not the Kent Lee Platte RAS percentile the field name may suggest — see docs/athletic-score-normalization-audit.md.",,18.4,measured_production_stats,CFBD 2025 season stats (normalized WR production score),,0.85,HIGH,2026-07-10,
wr-barion-brown,Barion Brown,WR,LSU,2026,,,25.0,market_derived_proxy,"Temporary pre-draft proxy mapped from seeded big_board_rank bands (1-10=95,11-20=85,21-32=75,33-50=65,51-75=55,76-100=45,101-150=35,151+=25)",,0.65,MEDIUM,2026-07-10,Temporary pre-draft market-investment proxy. Not equivalent to realized NFL draft capital — see docs/export-contract.md 2026 proxy rule.,22,measured_identity_fact,dob from data/processed/2026_prospect_context.json,,0.9,HIGH,2026-07-10,"Computed via age_from_dob(dob, season): exact age as of September 1 of the season.",,,,unavailable,,,,,,No usable RAS/SPORQ combine data. Rookie Alpha uses a neutral default score (NEUTRAL_DEFAULT) internally for scoring purposes only; that placeholder is not evidence and is intentionally omitted from this artifact.,,17.24,measured_production_stats,CFBD 2025 season stats (normalized WR production score),,0.85,HIGH,2026-07-10,
